First ,Last,19998887777,email@email.com
First ,Last,19998887777,email@email.com
First ,Last,19998887777,email@email.com
First ,Last,19998887777,email@email.com
First ,Last,19998887777,email@email.com
First ,Last,19998887777,email@email.com
First ,Last,19998887777,email@email.com
First ,Last,19998887777,email@email.com
First ,Last,19998887777,email@email.com
First ,Last,19998887777,email@email.com
First ,Last,19998887777,email@email.com
First ,Last,19998887777,email@email.com
First ,Last,19998887777,email@email.com
First ,Last,19998887777,email@email.com
First ,Last,19998887777,email@email.com
First ,Last,19998887777,email@email.com
First ,Last,19998887777,email@email.com
First ,Last,19998887777,email@email.com
First ,Last,19998887777,email@email.com
First ,Last,19998887777,email@email.com
First ,Last,19998887777,email@email.com
First ,Last,19998887777,email@email.com
First ,Last,19998887777,email@email.com
First ,Last,19998887777,email@email.com
First ,Last,19998887777,email@email.com
First ,Last,19998887777,email@email.com
First ,Last,19998887777,email@email.com
First ,Last,19998887777,email@email.com
First ,Last,19998887777,email@email.com
First ,Last,19998887777,email@email.com
First ,Last,19998887777,email@email.com
First ,Last,19998887777,email@email.com
First ,Last,19998887777,email@email.com
First ,Last,19998887777,email@email.com
First ,Last,19998887777,email@email.com
First ,Last,19998887777,email@email.com
First ,Last,19998887777,email@email.com
First ,Last,19998887777,email@email.com
First ,Last,19998887777,email@email.com
First ,Last,19998887777,email@email.com
First ,Last,19998887777,email@email.com
First ,Last,19998887777,email@email.com
First ,Last,19998887777,email@email.com
First ,Last,19998887777,email@email.com
First ,Last,19998887777,email@email.com
First ,Last,19998887777,email@email.com
First ,Last,19998887777,email@email.com
First ,Last,19998887777,email@email.com
First ,Last,19998887777,email@email.com
First ,Last,19998887777,email@email.com
First ,Last,19998887777,email@email.com
First ,Last,19998887777,email@email.com
First ,Last,19998887777,email@email.com
First ,Last,19998887777,email@email.com
First ,Last,19998887777,email@email.com
First ,Last,19998887777,email@email.com
First ,Last,19998887777,email@email.com
First ,Last,19998887777,email@email.com
First ,Last,19998887777,email@email.com
First ,Last,19998887777,email@email.com
First ,Last,19998887777,email@email.com
First ,Last,19998887777,email@email.com
First ,Last,19998887777,email@email.com
First ,Last,19998887777,email@email.com
First ,Last,19998887777,email@email.com
First ,Last,19998887777,email@email.com
First ,Last,19998887777,email@email.com
First ,Last,19998887777,email@email.com
First ,Last,19998887777,email@email.com
First ,Last,19998887777,email@email.com
First ,Last,19998887777,email@email.com
First ,Last,19998887777,email@email.com
First ,Last,19998887777,email@email.com
First ,Last,19998887777,email@email.com
First ,Last,19998887777,email@email.com
First ,Last,19998887777,email@email.com
First ,Last,19998887777,email@email.com
First ,Last,19998887777,email@email.com
First ,Last,19998887777,email@email.com
First ,Last,19998887777,email@email.com
First ,Last,19998887777,email@email.com
First ,Last,19998887777,email@email.com
