First,Last,9998887766,email@email.com
First,Last,9998887766,email@email.com
First,Last,9998887766,email@email.com
First,Last,9998887766,email@email.com
First,Last,9998887766,email@email.com
First,Last,9998887766,email@email.com
First,Last,9998887766,email@email.com
First,Last,9998887766,email@email.com
First,Last,9998887766,email@email.com
First,Last,9998887766,email@email.com
First,Last,9998887766,email@email.com
First,Last,9998887766,email@email.com
First,Last,9998887766,email@email.com
First,Last,9998887766,email@email.com
